Inventory aging report,,,,,,,,,,Page 1 of 1,,,
,,,,,,,,,,"3/27/2026
10:44 AM",,,
,,,,,,,,,,,,,
,,,,,,,,,,,,,
,,,,,,,,,,,,,
,,,,,,,,,,,,,
,,,,,0-30 (Days),31-60 (Days),61-90 (Days),91-180 (Days),180+ Prior date,,,,
Item number,Product name,Inventory unit,Configuration,On-hand quantity,P1:Quantity,P2:Quantity,P3:Quantity,P4:Quantity,P5:Quantity,,,,
1000000240,10/SCRD,Bag,COTTON/LINEN 80:20-S,2.88,0.00,0.00,0.00,2.88,0.00,,,,
1000000240,10/SCRD,Bag,PC CRD (52% POLY/ 48% PAK CTN),54.83,0.00,0.00,0.00,0.00,54.83,,,,
1000000320,12/SCRD,Bag,TENCEL (100%) Z-TWIST,50.41,50.41,0.00,0.00,0.00,0.00,,,,
1000000480,14/SCRD,Bag,100% PK-CTN,6.40,0.00,6.40,0.00,0.00,0.00,,,,
1000000720,18/SCRD,Bag,PV 80/20 COMPACT,2.00,0.00,0.00,0.00,0.00,2.00,,,,
1000000720,18/SCRD,Bag,PV 80/20 COMPACT - S (U # 1),16.00,0.00,0.00,0.00,0.00,16.00,,,,
1000000800,20/SCRD,Bag, PVT (80:20),"1,249.13","1,249.13",0.00,0.00,0.00,0.00,,,,
1000000800,20/SCRD,Bag,100% ACRYLIC SIRO,"1,215.57",15.00,398.91,801.66,0.00,0.00,,,,
1000000800,20/SCRD,Bag,100% BAMBOO,82.25,0.00,0.00,0.00,0.00,82.25,,,,
1000000800,20/SCRD,Bag,100% MICRO POLYESTER,227.75,0.00,227.75,0.00,0.00,0.00,,,,
1000000800,20/SCRD,Bag,AV 50:50,0.58,0.00,0.00,0.00,0.00,0.58,,,,
1000000800,20/SCRD,Bag,AV 50:50 SLUB HIGH BULKY (50% ACRYLIC & 50% VISCOSE),54.37,0.00,0.00,0.00,0.00,54.37,,,,
1000000800,20/SCRD,Bag,AVT (44/44/12) SLUB,2.58,0.00,0.00,0.00,0.00,2.58,,,,
1000000800,20/SCRD,Bag,AVT 44/44/12,15.00,0.00,0.00,0.00,15.00,0.00,,,,
1000000800,20/SCRD,Bag,CDD SLUB PC 52:48 (POLYESTER 52% & CF 48%),0.42,0.00,0.00,0.00,0.00,0.42,,,,
1000000800,20/SCRD,Bag,CVC 60:40,0.22,0.00,0.00,0.00,0.00,0.22,,,,
1000000800,20/SCRD,Bag,MODAL / POLYESTER 70/30,60.92,0.00,0.00,0.00,0.00,60.92,,,,
1000000800,20/SCRD,Bag,MP/MV 80/20 SIRO COMPACT,34.00,34.00,0.00,0.00,0.00,0.00,,,,
1000000800,20/SCRD,Bag,PC (35%Pak Ctn/65% Poly),632.96,0.00,0.00,0.00,0.00,632.96,,,,
1000000800,20/SCRD,Bag,PC (48%Pak Ctn/52% Poly),"1,206.99",0.00,3.00,0.00,3.00,"1,200.99",,,,
1000000800,20/SCRD,Bag,PV 80/20 COMPACT,6.00,0.00,2.34,3.66,0.00,0.00,,,,
1000000800,20/SCRD,Bag,PV 80/20 COMPACT (U # 3),46.58,0.00,0.00,0.33,0.00,46.25,,,,
1000000800,20/SCRD,Bag,PV 80/20 SLUB,269.50,81.50,188.00,0.00,0.00,0.00,,,,
1000000800,20/SCRD,Bag,SPP-01 (CVC 60/40) - U-1,197.38,102.17,0.00,0.00,95.21,0.00,,,,
1000000800,20/SCRD,Bag,SPP-05 (60/40,0.21,0.13,0.00,0.00,0.08,0.00,,,,
1000000800,20/SCRD,Bag,SPP-10 (60/40) in CVC,446.36,0.00,0.00,0.83,211.74,233.79,,,,
1000000800,20/SCRD,Bag,STM P-1968 (CHARCOAL IN CVC 60/40),8.62,8.62,0.00,0.00,0.00,0.00,,,,
1000000800,20/SCRD,Bag,STMA P-1085 CVC 60:40,39.00,39.00,0.00,0.00,0.00,0.00,,,,
1000000800,20/SCRD,Bag,STMA P-1086 CVC 60:40,27.25,27.25,0.00,0.00,0.00,0.00,,,,
1000000800,20/SCRD,Bag,STMA-P-1114 (PC 50:50),20.29,20.29,0.00,0.00,0.00,0.00,,,,
1000000820,20/SCMB,Bag,PC COMBED CF (65:35),0.44,0.00,0.00,0.00,0.00,0.44,,,,
1000000840,20/DCRD,Bag,AVT 44/44/12,2.00,0.00,0.00,0.00,0.00,2.00,,,,
1000000840,20/DCRD,Bag,PV 80/20 COMPACT,72.00,72.00,0.00,0.00,0.00,0.00,,,,
1000001040,24/SCRD,Bag,100% BAMBOO,2.66,2.66,0.00,0.00,0.00,0.00,,,,
1000001040,24/SCRD,Bag,CVC 60:40,0.43,0.00,0.00,0.00,0.00,0.43,,,,
1000001040,24/SCRD,Bag,MODAL / CRD COTTON 50/50,75.96,0.00,0.00,0.00,0.00,75.96,,,,
1000001040,24/SCRD,Bag,PV 80/20 COMPACT,60.20,0.00,0.00,0.00,0.00,60.20,,,,
1000001040,24/SCRD,Bag,PV 80/20 COMPACT.,42.00,0.00,0.00,0.00,0.00,42.00,,,,
1000001040,24/SCRD,Bag,SPP-05 IN CVC 60/40 - BCI,0.48,0.00,0.00,0.00,0.48,0.00,,,,
1000001120,26/SCRD,Bag,CRD CTN / MODAL 50/50 KNITTING WAXED,2.00,0.00,0.00,0.00,0.00,2.00,,,,
1000001120,26/SCRD,Bag,PV 80/20,18.00,0.00,0.00,0.00,0.00,18.00,,,,
1000001120,26/SCRD,Bag,PV 80/20 - U # 3,"1,388.29",0.00,0.00,0.00,0.00,"1,388.29",,,,
1000001120,26/SCRD,Bag,SPP-05 IN CVC 60/40,90.87,90.00,0.00,0.00,0.87,0.00,,,,
1000001200,28/SCRD,Bag,CRD SAIF-2529 (BLUE HTR IN 100% CTN),267.50,0.00,0.00,0.00,0.00,267.50,,,,
1000001200,28/SCRD,Bag,CRD SAIF-3403 (OATMEAL HTR IN 100% CTN),45.34,0.00,0.00,0.00,0.00,45.34,,,,
1000001280,30/SCRD,Bag,100%  MODAL,94.59,0.00,0.00,50.00,44.59,0.00,,,,
1000001280,30/SCRD,Bag,100% ACRYLIC,"1,693.70",0.00,"1,017.00",676.70,0.00,0.00,,,,
1000001280,30/SCRD,Bag,100% BAMBOO,2.41,2.41,0.00,0.00,0.00,0.00,,,,
1000001280,30/SCRD,Bag,100% MICRO POLYESTER,247.96,0.00,0.00,0.00,0.00,247.96,,,,
1000001280,30/SCRD,Bag,AVT ( 45% ACRYLIC/45A% VISCOSE/10% TRILOBAL POLY),41.00,0.00,0.00,0.00,0.00,41.00,,,,
1000001280,30/SCRD,Bag,AVT 44/44/12,"1,471.89",0.00,0.00,0.00,332.14,"1,139.75",,,,
1000001280,30/SCRD,Bag,CDD CVC 60:40 SAIF P-3421,1.37,0.00,0.00,1.37,0.00,0.00,,,,
1000001280,30/SCRD,Bag,CVC (60%Pak Ctn/40% Poly),450.28,0.00,1.58,0.00,448.70,0.00,,,,
1000001280,30/SCRD,Bag,CVC 60:40,1.00,0.00,0.00,0.00,1.00,0.00,,,,
1000001280,30/SCRD,Bag,CVC 65:35,685.00,685.00,0.00,0.00,0.00,0.00,,,,
1000001280,30/SCRD,Bag,CVC SPP-01,170.29,170.29,0.00,0.00,0.00,0.00,,,,
1000001280,30/SCRD,Bag,MICRO POLYESTER SLUB,1.91,0.00,0.00,0.00,0.00,1.91,,,,
1000001280,30/SCRD,Bag,MP/MV 70/30 MICRO SIRO COMPACT,66.00,0.00,0.00,0.00,66.00,0.00,,,,
1000001280,30/SCRD,Bag,MP/MV 80/20 SIRO COMPACT,162.00,162.00,0.00,0.00,0.00,0.00,,,,
1000001280,30/SCRD,Bag,PC (48% Pak Ctn/52% Poly),463.61,0.00,0.00,0.00,463.61,0.00,,,,
1000001280,30/SCRD,Bag,PC 52:48,1.00,0.00,0.00,0.00,1.00,0.00,,,,
1000001280,30/SCRD,Bag,PV 80/20 COMPACT,125.17,125.17,0.00,0.00,0.00,0.00,,,,
1000001280,30/SCRD,Bag,PV 80/20 S-TWIST YARN,122.00,122.00,0.00,0.00,0.00,0.00,,,,
1000001280,30/SCRD,Bag,PV 90/10 SLUB YARN,57.89,0.00,0.00,0.00,0.00,57.89,,,,
1000001280,30/SCRD,Bag,PVT-80:20,"4,795.75",0.00,118.00,426.00,"1,584.29","2,667.46",,,,
1000001280,30/SCRD,Bag,SAIF P-3415 (CVC 60/40),1.71,0.00,1.71,0.00,0.00,0.00,,,,
1000001280,30/SCRD,Bag,SAIF P-3419,0.33,0.00,0.00,0.33,0.00,0.00,,,,
1000001280,30/SCRD,Bag,SAIF P-3420,0.16,0.00,0.00,0.16,0.00,0.00,,,,
1000001280,30/SCRD,Bag,SAIF P-3457 (PC 50/50),0.17,0.17,0.00,0.00,0.00,0.00,,,,
1000001280,30/SCRD,Bag,SAIF V-3405 A (Otmeal),0.50,0.00,0.00,0.50,0.00,0.00,,,,
1000001280,30/SCRD,Bag,SAIF-3456 (CVC 60:40),6.00,6.00,0.00,0.00,0.00,0.00,,,,
1000001280,30/SCRD,Bag,SP-01,237.00,237.00,0.00,0.00,0.00,0.00,,,,
1000001280,30/SCRD,Bag,SPP-10 (60/40) in CVC,"6,961.37",0.96,0.00,0.00,"1,773.69","5,186.72",,,,
1000001280,30/SCRD,Bag,SPP-40 IN PC 50/50,153.33,153.33,0.00,0.00,0.00,0.00,,,,
1000001280,30/SCRD,Bag,STM-3362 (100% COTTON),0.50,0.00,0.00,0.00,0.00,0.50,,,,
1000001280,30/SCRD,Bag,STMA P-1082,0.29,0.00,0.00,0.29,0.00,0.00,,,,
1000001280,30/SCRD,Bag,STMA-1069 (93/07),0.21,0.21,0.00,0.00,0.00,0.00,,,,
1000001280,30/SCRD,Bag,STMA-P-1078 (CVC 60:40),1.83,0.00,1.83,0.00,0.00,0.00,,,,
1000001280,30/SCRD,Bag,STMA-P-1098 (PC 50/50),7.00,7.00,0.00,0.00,0.00,0.00,,,,
1000001280,30/SCRD,Bag,STMA-P-1114 (PC 50:50),242.08,242.08,0.00,0.00,0.00,0.00,,,,
1000001280,30/SCRD,Bag,TRI BLEND (48% Poly: 32% : Ctn / 20% : Vis ),8.50,8.50,0.00,0.00,0.00,0.00,,,,
1000001300,30/SCMB,Bag,100% CM PAK COTTON,169.19,0.00,0.00,0.00,0.00,169.19,,,,
1000001300,30/SCMB,Bag,CMB TRIBLEND CMV (45% CM CTN/30% MDL/25% VIS),0.50,0.00,0.00,0.00,0.00,0.50,,,,
1000001320,30/DCRD,Bag,PV 80/20 COMPACT,232.00,232.00,0.00,0.00,0.00,0.00,,,,
1000001420,32/SCMB,Bag,100% CM PAK COTTON,57.83,0.00,0.00,0.00,0.00,57.83,,,,
1000001420,32/SCMB,Bag,TRI BLEND (50% CMB CTN/25% HEMP/25% BAMBOO),0.45,0.45,0.00,0.00,0.00,0.00,,,,
1000001469,35/SCRD,Bag,PV 50:50,25.75,0.00,0.00,0.00,25.75,0.00,,,,
1000001480,36/SCRD,Bag,100% MICRO POLYESTER,69.96,0.00,0.00,0.00,0.00,69.96,,,,
1000001480,36/SCRD,Bag,100% MODAL KNITTING WAXED,8.67,0.00,0.00,8.67,0.00,0.00,,,,
1000001480,36/SCRD,Bag,MICRO POLYESTER/ MICRO VISCOSE 70:30,50.33,0.00,0.00,0.00,50.33,0.00,,,,
1000001480,36/SCRD,Bag,MP/MV 80/20 S-TWIST COMPACT,8.83,0.00,0.00,0.00,8.83,0.00,,,,
1000001480,36/SCRD,Bag,MPV 80/20 (MICRO POLY / MICRO VISCOSE ),41.33,41.33,0.00,0.00,0.00,0.00,,,,
1000001480,36/SCRD,Bag,NE 36/1 PV 90/10 S.S U3,"1,333.20","1,333.20",0.00,0.00,0.00,0.00,,,,
1000001480,36/SCRD,Bag,PV 80/20,356.00,0.00,0.00,130.00,226.00,0.00,,,,
1000001480,36/SCRD,Bag,PV 80/20 COMPACT,"1,957.79","1,571.50",386.29,0.00,0.00,0.00,,,,
1000001480,36/SCRD,Bag,PV 80:20 UNIT # 03,42.83,0.00,0.00,42.83,0.00,0.00,,,,
1000001480,36/SCRD,Bag,PV 90/10,3.05,3.05,0.00,0.00,0.00,0.00,,,,
1000001480,36/SCRD,Bag,PV 90/10 CAPITAL,"3,614.90","3,614.90",0.00,0.00,0.00,0.00,,,,
1000001480,36/SCRD,Bag,PV 90:10 SUPER SAIF,"9,251.02","9,251.02",0.00,0.00,0.00,0.00,,,,
1000001480,36/SCRD,Bag,Slub STM-P-9752,34.63,0.00,34.63,0.00,0.00,0.00,,,,
1000001480,36/SCRD,Bag,SPP-10 (60/40) in CVC,0.33,0.33,0.00,0.00,0.00,0.00,,,,
1000001480,36/SCRD,Bag,STM P-9732 SIRO SLUB PP (WHITE & BLACK 50/50 WVG,12.10,0.00,0.00,0.00,0.01,12.09,,,,
1000001480,36/SCRD,Bag,STM-P-8375 INJ-SLUB (100% Poly),82.00,82.00,0.00,0.00,0.00,0.00,,,,
1000001480,36/SCRD,Bag,VA 80:20 (VISCOSE 80% / ACRYLIC 20%),72.00,0.00,0.00,0.00,0.00,72.00,,,,
1000001520,36/DCRD,Bag,PV 80:20,0.75,0.00,0.00,0.00,0.75,0.00,,,,
1000001520,36/DCRD,Bag,PV 90:10,860.50,0.00,789.61,70.89,0.00,0.00,,,,
1000001520,36/DCRD,Bag,VA 80:20 (VISCOSE 80% / ACRYLIC 20%),2.00,0.00,0.00,0.00,2.00,0.00,,,,
1000001520,36/DCRD,Bag,VISCOSE/ POLYESTER 80:20,108.48,0.00,0.00,0.00,0.00,108.48,,,,
1000001560,38/SCRD,Bag,PV 83/17 COMPACT,"1,015.15",0.15,"1,015.00",0.00,0.00,0.00,,,,
1000001640,40/SCRD,Bag,100% ACR,6.80,0.00,6.80,0.00,0.00,0.00,,,,
1000001640,40/SCRD,Bag,100% MICRO VISCOSE FOR WEAVING,145.45,51.77,0.00,0.00,93.68,0.00,,,,
1000001640,40/SCRD,Bag,ACRYLIC/ VISCOSE 50:50 ( HIGH BULKY),805.37,0.00,1.37,0.00,0.00,804.00,,,,
1000001640,40/SCRD,Bag,AV 80/20 HB,62.88,0.00,0.00,0.00,0.00,62.88,,,,
1000001640,40/SCRD,Bag,MICRO POLY / HEMP 95/05 COMPACT,266.95,0.00,1.00,0.00,265.95,0.00,,,,
1000001640,40/SCRD,Bag,MICRO POLY/ MICRO VISCOSE 70:30,172.85,27.65,0.00,0.00,145.20,0.00,,,,
1000001640,40/SCRD,Bag,MICRO POLYESTER 85%/ 15% VISCOSE SLUB,1.90,0.00,0.00,0.00,0.00,1.90,,,,
1000001640,40/SCRD,Bag,MP/MB 70/30 MICRO COMPACT,50.00,0.00,0.00,50.00,0.00,0.00,,,,
1000001640,40/SCRD,Bag,MP/MV 80/20 MICRO SIRO COMPACT,2.00,2.00,0.00,0.00,0.00,0.00,,,,
1000001640,40/SCRD,Bag,MP/MV 80/20 SIRO MICRO (White Gold),12.00,12.00,0.00,0.00,0.00,0.00,,,,
1000001640,40/SCRD,Bag,PV 50/50 POLY INJ SLUB,120.66,0.00,0.00,0.00,0.00,120.66,,,,
1000001640,40/SCRD,Bag,PV 65:35 SLUB,14.55,0.00,0.00,0.00,14.55,0.00,,,,
1000001640,40/SCRD,Bag,PV 80/20 COMPACT,"1,366.60","1,366.60",0.00,0.00,0.00,0.00,,,,
1000001640,40/SCRD,Bag,PV 80/20 COMPACT SLUB,1.00,0.00,0.00,0.00,1.00,0.00,,,,
1000001640,40/SCRD,Bag,PV 80/20 NON-COMPACT,"5,622.42",0.00,0.00,0.00,0.00,"5,622.42",,,,
1000001640,40/SCRD,Bag,PV 80:20 ( MICRO),81.50,0.00,0.00,58.50,23.00,0.00,,,,
1000001640,40/SCRD,Bag,PVT-80:20,182.65,0.00,0.00,0.00,0.00,182.65,,,,
1000001640,40/SCRD,Bag,STM P-9688 SIRO (100% POLY)(BLACK/L-BLACK 50/50),37.99,0.00,0.00,0.00,0.00,37.99,,,,
1000001640,40/SCRD,Bag,STM P-9705 - SLUB,0.14,0.00,0.00,0.00,0.14,0.00,,,,
1000001640,40/SCRD,Bag,STM P-9735 SIRO (100% POLY)(BLACK/ROYAL BLUE 50/50),38.29,0.00,0.00,0.00,0.00,38.29,,,,
1000001640,40/SCRD,Bag,STM P-9736 SIRO (100% POLY)(BLACK/BLACK 50/50),38.22,0.00,0.00,0.00,0.00,38.22,,,,
1000001640,40/SCRD,Bag,VP 90/10,4.67,0.00,0.00,0.00,0.00,4.67,,,,
1000001660,40/SCMB,Bag,TENCEL/COTTON 50:50,1.33,0.00,0.00,0.00,0.00,1.33,,,,
1000001680,40/DCRD,Bag,100% ACR,"5,144.87",0.00,274.00,126.37,"4,744.50",0.00,,,,
1000001680,40/DCRD,Bag,AV 80/20 ( HIGH BULKY),148.00,0.00,0.00,0.00,10.00,138.00,,,,
1000001680,40/DCRD,Bag,MP/MV 80/20,1.60,1.60,0.00,0.00,0.00,0.00,,,,
1000001680,40/DCRD,Bag,PV 80:20,5.24,0.00,0.00,0.00,5.24,0.00,,,,
1000001680,40/DCRD,Bag,VP 90/10,48.32,0.00,0.00,0.00,0.00,48.32,,,,
1000001786,42/SCRD,Bag,MP/MV 75/25 (MICRO)  COMPACT,3.03,0.00,0.00,3.03,0.00,0.00,,,,
1000001786,42/SCRD,Bag,MP/MV 80/20 MICRO,4.00,0.00,0.00,0.00,4.00,0.00,,,,
1000001880,46/SCRD,Bag,100% MICRO POLYESTER,139.98,0.00,0.00,0.00,0.00,139.98,,,,
1000001880,46/SCRD,Bag,MP/MV 70/30 MICRO,1.00,1.00,0.00,0.00,0.00,0.00,,,,
1000001880,46/SCRD,Bag,PV 80/20 COMPACT,471.57,471.57,0.00,0.00,0.00,0.00,,,,
1000001880,46/SCRD,Bag,PV 80/20 COMPACT - U # 3,117.10,0.00,0.00,0.00,7.05,110.05,,,,
1000001880,46/SCRD,Bag,PV 80/20 NC,"2,124.25",325.95,427.96,0.00,0.90,"1,369.44",,,,
1000001880,46/SCRD,Bag,PV 80/20 SLUB,2.00,0.00,0.00,0.00,2.00,0.00,,,,
1000001880,46/SCRD,Bag,PV 80:20 MICRO/MICRO,387.50,0.00,387.50,0.00,0.00,0.00,,,,
1000001920,46/DCRD,Bag,PV 80:20,2.73,2.73,0.00,0.00,0.00,0.00,,,,
1000002040,50/SCRD,Bag,100% BAMBOO U # 1,50.00,0.00,0.00,0.00,0.00,50.00,,,,
1000002040,50/SCRD,Bag,100% MICRO POLYESTER,345.49,0.00,139.00,206.49,0.00,0.00,,,,
1000002040,50/SCRD,Bag,MICRO POLYESTER/ MICRO VISCOSE 70:30,96.00,0.00,96.00,0.00,0.00,0.00,,,,
1000002040,50/SCRD,Bag,MICRO POLYESTER/ MICRO VISCOSE 80:20,"1,120.00",0.00,1.00,385.00,734.00,0.00,,,,
1000002040,50/SCRD,Bag,MP/MB 70/30 MICRO COMPACT,177.00,45.00,132.00,0.00,0.00,0.00,,,,
1000002040,50/SCRD,Bag,MP/MT 70/30 MICRO COMPACT,149.00,0.00,149.00,0.00,0.00,0.00,,,,
1000002040,50/SCRD,Bag,MP/MV (70/30) S-TWIST H-T,49.00,49.00,0.00,0.00,0.00,0.00,,,,
1000002040,50/SCRD,Bag,MP/MV 70/30 MICRO COMPACT,408.50,408.50,0.00,0.00,0.00,0.00,,,,
1000002040,50/SCRD,Bag,PVT 65/35 MICRO COMPACT,45.00,0.00,45.00,0.00,0.00,0.00,,,,
1000002040,50/SCRD,Bag,TRI BLEND (MP/MB/MV 50/25/25) COMPACT,110.00,0.00,110.00,0.00,0.00,0.00,,,,
1000002120,52/SCRD,Bag,MP/MV 80/20 MICRO COMPACT,61.00,61.00,0.00,0.00,0.00,0.00,,,,
1000002200,56/SCRD,Bag,100% MICRO TENCEL,131.64,0.00,0.00,0.00,0.00,131.64,,,,
1000002360,60/SCRD,Bag,100% MICRO POLYESTER,179.89,0.00,179.89,0.00,0.00,0.00,,,,
1000002360,60/SCRD,Bag,100% MICRO VISCOSE,46.00,46.00,0.00,0.00,0.00,0.00,,,,
1000002360,60/SCRD,Bag,MICRO POLY/ M.MODAL 65:35,4.00,0.00,0.00,4.00,0.00,0.00,,,,
1000002360,60/SCRD,Bag,MICRO POLY/MICRO MODAL 50:50,1.00,0.00,0.00,1.00,0.00,0.00,,,,
1000002360,60/SCRD,Bag,MICRO POLY/MICRO VISCOSE 50/50,129.78,0.00,2.78,127.00,0.00,0.00,,,,
1000002360,60/SCRD,Bag,MP/MB 80/20 (MICRO POLY/BAMBOO),2.00,0.00,0.00,0.00,0.00,2.00,,,,
1000002360,60/SCRD,Bag,MP/MV 70/30,582.00,0.00,0.00,0.00,0.00,582.00,,,,
1000002360,60/SCRD,Bag,MP/MV 70/30 MICRO COMPACT,28.00,0.00,0.00,28.00,0.00,0.00,,,,
1000002360,60/SCRD,Bag,MP/MV 80/20 MICRO COMPACT,769.49,0.00,4.00,738.95,26.54,0.00,,,,
1000002360,60/SCRD,Bag,MPMM (80:20) MICRO POLY/MICRO MODAL,12.00,0.00,0.00,0.00,0.00,12.00,,,,
1000002360,60/SCRD,Bag,PV 80:20,145.42,0.00,0.00,0.00,1.00,144.42,,,,
1000002360,60/SCRD,Bag,PV 80:20 ( MICRO/ MICRO),42.00,40.00,0.00,0.00,2.00,0.00,,,,
1000002360,60/SCRD,Bag,SWISS VISCOSE (100%),2.00,2.00,0.00,0.00,0.00,0.00,,,,
1000002380,60/SCMB,Bag,CVC 60:40,0.11,0.00,0.00,0.00,0.00,0.11,,,,
1000002380,60/SCMB,Bag,MICRO BAMBOO - CMB PAK COTTON 50-50 YARN FOE WEAVING,109.42,0.00,0.00,0.00,0.00,109.42,,,,
1000002400,60/DCRD,Bag,MP/MV 80/20 (WITH 75D FILAMINT),3.10,0.00,3.10,0.00,0.00,0.00,,,,
1000002400,60/DCRD,Bag,PV 80/20 MICRO,0.52,0.52,0.00,0.00,0.00,0.00,,,,
1000002420,60/DCMB,Bag,100% CM PAK COTTON,0.30,0.00,0.00,0.00,0.00,0.30,,,,
1000002476,65/SCRD,Bag,PV (80/20) NON COMPACT,14.00,14.00,0.00,0.00,0.00,0.00,,,,
1000002476,65/SCRD,Bag,PV 80/20 NON-COMPACT,183.77,183.77,0.00,0.00,0.00,0.00,,,,
1000002476,65/SCRD,Bag,PV 80:20 Compact,20.00,0.00,20.00,0.00,0.00,0.00,,,,
1000002476,65/SCRD,Bag,PV 90/10,12.00,12.00,0.00,0.00,0.00,0.00,,,,
1000002640,70/SCRD,Bag,MPV 80/20 (MICRO/MICRO),59.00,0.00,0.00,0.00,49.00,10.00,,,,
1000002880,80/SCRD,Bag,MICRO POLYESTER / MICRO VISCOSE (70:30),51.59,51.59,0.00,0.00,0.00,0.00,,,,
1000002880,80/SCRD,Bag,MP / MM 50/50 MICRO,29.00,0.00,0.00,0.00,0.00,29.00,,,,
1000002880,80/SCRD,Bag,MP/MV 65/35 (SUPER MICRO COMPACT),9.56,0.00,0.00,0.00,9.56,0.00,,,,
1000002880,80/SCRD,Bag,PV 80:20 (Micro Poly + Micro Viscose),183.49,1.09,182.39,0.00,0.00,0.00,,,,
1000002880,80/SCRD,Bag,SWISS VISCOSE (100%),2.10,2.10,0.00,0.00,0.00,0.00,,,,
1000002920,80/DCRD,Bag,100% MPP (MICRO POLYESTER),55.00,0.00,0.00,0.00,4.00,51.00,,,,
1000002920,80/DCRD,Bag,MICRO POLYESTER / MICRO VISCOSE (70:30),7.00,7.00,0.00,0.00,0.00,0.00,,,,
1000002920,80/DCRD,Bag,MP / MM 50/50 MICRO,30.00,0.00,0.00,0.00,0.00,30.00,,,,
1000002920,80/DCRD,Bag,PV 80:20 (Micro Poly + Micro Viscose),34.67,34.67,0.00,0.00,0.00,0.00,,,,
1000003200,100/SCRD,Bag,PV 80:20 MICRO,74.00,0.00,60.00,14.00,0.00,0.00,,,,
1000003200,100/SCRD,Bag,SWISS VISCOSE (100%),1.00,1.00,0.00,0.00,0.00,0.00,,,,
1000003240,100/DCRD,Bag,100% MICRO POLYESTER,6.26,0.00,0.00,0.00,0.18,6.08,,,,
1000003240,100/DCRD,Bag,MP/MV 70/30 COMPACT,8.18,0.00,0.00,0.00,8.18,0.00,,,,
1000003280,110/SCRD,Bag,PV (75/25) SUPER MICRO (0.6D),49.00,49.00,0.00,0.00,0.00,0.00,,,,
1000003440,120/SCRD,Bag,PV 80:20 MICRO,56.64,0.00,1.64,55.00,0.00,0.00,,,,
1000003480,120/DCRD,Bag,120/2 MICRO POLY MICRO MODAL 50:50,1.32,0.00,1.32,0.00,0.00,0.00,,,,
1000003700,B-GRADE (BG),Bag,B/GRADE (ECRU),6.00,6.00,0.00,0.00,0.00,0.00,,,,
1000003700,B-GRADE (BG),Bag,B-GRADE ( BG),26.00,26.00,0.00,0.00,0.00,0.00,,,,
1000003700,B-GRADE (BG),Bag,B-GRADE (BG) ECRU,7.00,7.00,0.00,0.00,0.00,0.00,,,,
1000003700,B-GRADE (BG),Bag,B-GRADE (BG) MELANGE,14.00,14.00,0.00,0.00,0.00,0.00,,,,
,,,,,,,,,,,,,
Report summary,,,,Sum On-hand quantity,Sum P1:Quantity,P2:Quantity,P3:Quantity,P4:Quantity,P5:Quantity,,,,
,,,,"69,109.62","23,168.32","6,417.80","4,011.56","11,509.63","24,002.31",,,,
,,,,,,,,,,,,,
